[{"name":"WORLD","value":1.198},{"name":"More developed regions","value":0.42},{"name":"Less developed regions","value":1.372},{"name":"Least developed countries","value":2.284},{"name":"Less developed regions, excluding least developed countries","value":1.218},{"name":"Less developed regions, excluding China","value":1.623},{"name":"Sub-Saharan Africa","value":2.658},{"name":"AFRICA","value":2.465},{"name":"Eastern Africa","value":2.782},{"name":"Burundi","value":3.449},{"name":"Comoros","value":2.569},{"name":"Djibouti","value":1.427},{"name":"Eritrea","value":3.357},{"name":"Ethiopia","value":2.681},{"name":"Kenya","value":2.676},{"name":"Madagascar","value":2.839},{"name":"Malawi","value":2.996},{"name":"Mauritius","value":0.293},{"name":"Mayotte","value":3.102},{"name":"Mozambique","value":2.633},{"name":"Rnion","value":1.311},{"name":"Rwanda","value":2.782},{"name":"Seychelles","value":0.923},{"name":"Somalia","value":2.587},{"name":"South Sudan","value":4.246},{"name":"Uganda","value":3.364},{"name":"United Republic of Tanzania","value":2.94},{"name":"Zambia","value":2.835},{"name":"Zimbabwe","value":0.568},{"name":"Middle Africa","value":2.852},{"name":"Angola","value":3.338},{"name":"Cameroon","value":2.57},{"name":"Central African Republic","value":1.874},{"name":"Chad","value":3.147},{"name":"Congo","value":2.978},{"name":"Democratic Republic of the Congo","value":2.814},{"name":"Equatorial Guinea","value":2.852},{"name":"Gabon","value":2.411},{"name":"Sao Tome and Principe","value":2.843},{"name":"Northern Africa","value":1.681},{"name":"Algeria","value":1.748},{"name":"Egypt","value":1.682},{"name":"Libya","value":1.535},{"name":"Morocco","value":0.983},{"name":"Sudan","value":2.422},{"name":"Tunisia","value":1.123},{"name":"Western Sahara","value":3.697},{"name":"Southern Africa","value":1.276},{"name":"Botswana","value":0.973},{"name":"Lesotho","value":0.845},{"name":"Namibia","value":1.446},{"name":"South Africa","value":1.291},{"name":"Swaziland","value":1.541},{"name":"Western Africa","value":2.715},{"name":"Benin","value":3.007},{"name":"Burkina Faso","value":2.931},{"name":"Cape Verde","value":0.371},{"name":"C_te d'Ivoire","value":1.742},{"name":"Gambia","value":3.139},{"name":"Ghana","value":2.526},{"name":"Guinea","value":2.545},{"name":"Guinea-Bissau","value":2.198},{"name":"Liberia","value":3.82},{"name":"Mali","value":3.161},{"name":"Mauritania","value":2.747},{"name":"Niger","value":3.739},{"name":"Nigeria","value":2.693},{"name":"Saint Helena","value":-1.969},{"name":"Senegal","value":2.778},{"name":"Sierra Leone","value":2.328},{"name":"Togo","value":2.589},{"name":"ASIA","value":1.098},{"name":"Eastern Asia","value":0.572},{"name":"China","value":0.622},{"name":"China, Hong Kong SAR","value":0.438},{"name":"China, Macao SAR","value":2.656},{"name":"Dem. People's Republic of Korea","value":0.569},{"name":"Japan","value":0.059},{"name":"Mongolia","value":1.422},{"name":"Republic of Korea","value":0.595},{"name":"Other non-specified areas","value":0.365},{"name":"South-Central Asia","value":1.377},{"name":"Central Asia","value":1.337},{"name":"Kazakhstan","value":1.107},{"name":"Kyrgyzstan","value":1.125},{"name":"Tajikistan","value":2.28},{"name":"Turkmenistan","value":1.202},{"name":"Uzbekistan","value":1.283},{"name":"Southern Asia","value":1.378},{"name":"Afghanistan","value":2.66},{"name":"Bangladesh","value":1.086},{"name":"Bhutan","value":1.948},{"name":"India","value":1.346},{"name":"Iran (Islamic Republic of)","value":1.192},{"name":"Maldives","value":1.806},{"name":"Nepal","value":1.193},{"name":"Pakistan","value":1.835},{"name":"Sri Lanka","value":0.794},{"name":"South-Eastern Asia","value":1.217},{"name":"Brunei Darussalam","value":1.706},{"name":"Cambodia","value":1.456},{"name":"Indonesia","value":1.393},{"name":"Lao People's Democratic Republic","value":1.988},{"name":"Malaysia","value":1.799},{"name":"Myanmar","value":0.686},{"name":"Philippines","value":1.702},{"name":"Singapore","value":2.44},{"name":"Thailand","value":0.255},{"name":"Timor-Leste","value":1.617},{"name":"Viet Nam","value":0.943},{"name":"Western Asia","value":2.421},{"name":"Armenia","value":-0.344},{"name":"Azerbaijan","value":1.204},{"name":"Bahrain","value":7.054},{"name":"Cyprus","value":1.332},{"name":"Georgia","value":-0.391},{"name":"Iraq","value":2.461},{"name":"Israel","value":2.332},{"name":"Jordan","value":4.172},{"name":"Kuwait","value":5.29},{"name":"Lebanon","value":1.702},{"name":"Oman","value":2.109},{"name":"Qatar","value":15.13},{"name":"Saudi Arabia","value":1.979},{"name":"State of Palestine","value":2.396},{"name":"Syrian Arab Republic","value":3.399},{"name":"Turkey","value":1.257},{"name":"United Arab Emirates","value":14.207},{"name":"Yemen","value":2.449},{"name":"EUROPE","value":0.199},{"name":"Eastern Europe","value":-0.137},{"name":"Belarus","value":-0.363},{"name":"Bulgaria","value":-0.781},{"name":"Czech Republic","value":0.622},{"name":"Hungary","value":-0.162},{"name":"Poland","value":-0.004},{"name":"Republic of Moldova","value":-1.058},{"name":"Romania","value":-0.229},{"name":"Russian Federation","value":-0.044},{"name":"Slovakia","value":0.155},{"name":"Ukraine","value":-0.466},{"name":"Northern Europe","value":0.535},{"name":"Channel Islands","value":0.665},{"name":"Denmark","value":0.486},{"name":"Estonia","value":-0.405},{"name":"Faeroe Islands","value":0.172},{"name":"Finland","value":0.457},{"name":"Iceland","value":1.386},{"name":"Ireland","value":1.436},{"name":"Isle of Man","value":0.888},{"name":"Latvia","value":-1.27},{"name":"Lithuania","value":-1.375},{"name":"Norway","value":1.122},{"name":"Sweden","value":0.765},{"name":"United Kingdom","value":0.58},{"name":"Southern Europe","value":0.579},{"name":"Albania","value":-0.29},{"name":"Andorra","value":-0.834},{"name":"Bosnia and Herzegovina","value":-0.176},{"name":"Croatia","value":-0.233},{"name":"Gibraltar","value":0.119},{"name":"Greece","value":0.123},{"name":"Holy See","value":0.025},{"name":"Italy","value":0.617},{"name":"Malta","value":0.476},{"name":"Montenegro","value":0.138},{"name":"Portugal","value":0.149},{"name":"San Marino","value":0.716},{"name":"Serbia","value":-0.631},{"name":"Slovenia","value":0.532},{"name":"Spain","value":1.248},{"name":"TFYR Macedonia","value":0.116},{"name":"Western Europe","value":0.248},{"name":"Austria","value":0.393},{"name":"Belgium","value":0.808},{"name":"France","value":0.573},{"name":"Germany","value":-0.196},{"name":"Liechtenstein","value":0.779},{"name":"Luxembourg","value":2.074},{"name":"Monaco","value":1.72},{"name":"Netherlands","value":0.38},{"name":"Switzerland","value":1.108},{"name":"LATIN AMERICA AND THE CARIBBEAN","value":1.162},{"name":"Caribbean","value":0.715},{"name":"Anguilla","value":1.714},{"name":"Antigua and Barbuda","value":1.1},{"name":"Aruba","value":0.311},{"name":"Bahamas","value":1.823},{"name":"Barbados","value":0.493},{"name":"British Virgin Islands","value":3.225},{"name":"Caribbean Netherlands","value":4.029},{"name":"Cayman Islands","value":2.649},{"name":"Cuba","value":-0.018},{"name":"Cura_ao","value":2.627},{"name":"Dominica","value":0.176},{"name":"Dominican Republic","value":1.392},{"name":"Grenada","value":0.333},{"name":"Guadeloupe","value":0.651},{"name":"Haiti","value":1.327},{"name":"Jamaica","value":0.438},{"name":"Martinique","value":0.231},{"name":"Montserrat","value":0.724},{"name":"Puerto Rico","value":-0.276},{"name":"Saint Kitts and Nevis","value":1.267},{"name":"Saint Lucia","value":1.4},{"name":"Saint Vincent and the Grenadines","value":0.104},{"name":"Sint Maarten (Dutch part)","value":2.568},{"name":"Trinidad and Tobago","value":0.475},{"name":"Turks and Caicos Islands","value":3.17},{"name":"United States Virgin Islands","value":-0.259},{"name":"Central America","value":1.386},{"name":"Belize","value":2.53},{"name":"Costa Rica","value":1.556},{"name":"El Salvador","value":0.474},{"name":"Guatemala","value":2.464},{"name":"Honduras","value":1.992},{"name":"Mexico","value":1.252},{"name":"Nicaragua","value":1.302},{"name":"Panama","value":1.774},{"name":"South America","value":1.119},{"name":"Argentina","value":0.874},{"name":"Bolivia (Plurinational State of)","value":1.645},{"name":"Brazil","value":0.951},{"name":"Chile","value":0.971},{"name":"Colombia","value":1.456},{"name":"Ecuador","value":1.702},{"name":"Falkland Islands (Malvinas)","value":0.402},{"name":"French Guiana","value":2.697},{"name":"Guyana","value":0.654},{"name":"Paraguay","value":1.799},{"name":"Peru","value":1.081},{"name":"Suriname","value":0.993},{"name":"Uruguay","value":0.28},{"name":"Venezuela (Bolivarian Republic of)","value":1.663},{"name":"NORTHERN AMERICA","value":0.943},{"name":"Bermuda","value":0.252},{"name":"Canada","value":1.129},{"name":"Greenland","value":-0.143},{"name":"Saint Pierre and Miquelon","value":-0.299},{"name":"United States of America","value":0.923},{"name":"OCEANIA","value":1.729},{"name":"Australia/New Zealand","value":1.648},{"name":"Australia","value":1.757},{"name":"New Zealand","value":1.101},{"name":"Melanesia","value":2.184},{"name":"Fiji","value":0.905},{"name":"New Caledonia","value":1.488},{"name":"Papua New Guinea","value":2.359},{"name":"Solomon Islands","value":2.298},{"name":"Vanuatu","value":2.419},{"name":"Micronesia","value":-0.158},{"name":"Guam","value":0.131},{"name":"Kiribati","value":1.547},{"name":"Marshall Islands","value":0.142},{"name":"Micronesia (Fed. States of)","value":-0.492},{"name":"Nauru","value":-0.179},{"name":"Northern Mariana Islands","value":-3.566},{"name":"Palau","value":0.558},{"name":"Polynesia","value":0.584},{"name":"American Samoa","value":-1.214},{"name":"Cook Islands","value":0.892},{"name":"French Polynesia","value":1.008},{"name":"Niue","value":-2.769},{"name":"Samoa","value":0.667},{"name":"Tokelau","value":-1.28},{"name":"Tonga","value":0.612},{"name":"Tuvalu","value":0.273},{"name":"Wallis and Futuna Islands","value":-0.98}]
